<manifest alg="2" build="2015.1.2.344" opt="true" iceEnabled="true" iceMarkupVersion="2" iceEnabledOptions="link,responsive" exportTarget="other" domain="double.com" resolutions="1x" timestamp="1462705740973">
  <folder name="css">
    <file name="site_global.css" crc="131700929"/>
    <file name="font-preview.css" crc="3914386705" ref="font-preview"/>
    <file name="animation.css" crc="4234058637" ref="animation"/>
    <file name="copyright.css" crc="157912622" ref="copyright"/>
    <file name="index.css" crc="176037245" ref="index"/>
    <file name="how-to.css" crc="179834330" ref="how-to"/>
  </folder>
  <folder name="assets">
    <file name="css-sans-1.0.0.css" crc="4150167449" seo="true" mt="1462705440000"/>
  </folder>
  <folder name="scripts">
    <file name="jquery-1.8.3.min.js" crc="207176553" ref="index:font-preview:animation:copyright:how-to"/>
    <file name="museutils.js" crc="3790713428" ref="index:font-preview:animation:copyright:how-to"/>
    <file name="whatinput.js" crc="84559013" ref="index:font-preview:animation:copyright:how-to"/>
    <file name="pie.js" crc="3827607177" ref="index"/>
    <file name="jquery.watch.js" crc="4244854265" ref="index:font-preview:animation:copyright:how-to"/>
  </folder>
  <folder name="images">
    <file name="page1.jpg" crc="489559024" seo="true" ref="index"/>
    <file name="button.png" crc="277807517" seo="true" ref="index"/>
    <file name="arrow_right.png" crc="223025715" seo="true" ref="index:animation:copyright"/>
    <file name="page4.jpg" crc="470937570" seo="true" ref="font-preview"/>
    <file name="arrow_right3.png" crc="4033434848" seo="true" ref="font-preview"/>
    <file name="page5.jpg" crc="3844381587" seo="true" ref="animation"/>
    <file name="animation.gif" crc="4220922682" seo="true" ref="animation"/>
    <file name="arrow_left_2.png" crc="23738473" seo="true" ref="animation"/>
    <file name="page7.jpg" crc="11234405" seo="true" ref="copyright"/>
    <file name="arrow_left.png" crc="3884853101" seo="true" ref="copyright"/>
    <file name="page6.jpg" crc="3909257310" seo="true" ref="how-to"/>
  </folder>
  <file name="index.html" crc="18601191" seo="true" mt="1462702502882" redirect="true"/>
  <file name="font-preview.html" crc="442215327" seo="true" mt="1462701532646" redirect="true"/>
  <file name="animation.html" crc="4099773709" seo="true" mt="1462702160771" redirect="true"/>
  <file name="copyright.html" crc="364257387" seo="true" mt="1462702473040" redirect="true"/>
  <file name="how-to.html" crc="3809307082" seo="true" mt="1462705732162" redirect="true"/>
</manifest>